{"title":"","id":1,"dateAdded":1328712078718000,"lastModified":1328712079281000,"type":"text/x-moz-place-container","root":"placesRoot","children":[{"title":"书签菜单","id":2,"parent":1,"dateAdded":1328712078953000,"lastModified":1328712080203000,"type":"text/x-moz-place-container","root":"bookmarksMenuFolder","children":[{"title":"最近使用的书签","id":13,"parent":2,"annos":[{"name":"Places/SmartBookmark","flags":0,"expires":4,"mimeType":null,"type":3,"value":"RecentlyBookmarked"}],"type":"text/x-moz-place","uri":"place:folder=BOOKMARKS_MENU&folder=UNFILED_BOOKMARKS&folder=TOOLBAR&sort=12&excludeQueries=1&excludeItemIfParentHasAnnotation=livemark%2FfeedURI&maxResults=10&queryType=1"},{"index":1,"title":"最近使用的标签","id":14,"parent":2,"annos":[{"name":"Places/SmartBookmark","flags":0,"expires":4,"mimeType":null,"type":3,"value":"RecentTags"}],"type":"text/x-moz-place","uri":"place:sort=14&type=6&maxResults=10&queryType=1"},{"index":2,"title":"","id":15,"parent":2,"dateAdded":1328712080203000,"lastModified":1328712080203000,"type":"text/x-moz-place-separator"},{"index":3,"title":"Mozilla Firefox","id":7,"parent":2,"dateAdded":1328712080046000,"lastModified":1328712080046000,"type":"text/x-moz-place-container","children":[{"title":"帮助和教程","id":8,"parent":7,"dateAdded":1328712080046000,"lastModified":1328712080046000,"type":"text/x-moz-place","uri":"http://www.mozilla.com/zh-CN/firefox/help/"},{"index":1,"title":"自定义 Firefox","id":9,"parent":7,"dateAdded":1328712080046000,"lastModified":1328712080046000,"type":"text/x-moz-place","uri":"http://www.mozilla.com/zh-CN/firefox/customize/"},{"index":2,"title":"加入进来","id":10,"parent":7,"dateAdded":1328712080046000,"lastModified":1328712080046000,"type":"text/x-moz-place","uri":"http://www.mozilla.com/zh-CN/firefox/community/"},{"index":3,"title":"关于我们","id":11,"parent":7,"dateAdded":1328712080046000,"lastModified":1328712080046000,"type":"text/x-moz-place","uri":"http://www.mozilla.com/zh-CN/about/"}]}]},{"index":1,"title":"书签工具栏","id":3,"parent":1,"dateAdded":1328712079062000,"lastModified":1328712080203000,"annos":[{"name":"bookmarkProperties/description","flags":0,"expires":4,"mimeType":null,"type":3,"value":"添加到此文件夹的书签会被显示到书签工具栏中"}],"type":"text/x-moz-place-container","root":"toolbarFolder","children":[{"title":"访问最多","id":12,"parent":3,"annos":[{"name":"Places/SmartBookmark","flags":0,"expires":4,"mimeType":null,"type":3,"value":"MostVisited"}],"type":"text/x-moz-place","uri":"place:sort=8&redirectsMode=2&maxResults=10"},{"index":1,"title":"新手上路","id":6,"parent":3,"dateAdded":1328712080046000,"lastModified":1328712080046000,"type":"text/x-moz-place","uri":"http://www.mozilla.com/zh-CN/firefox/central/"}]},{"index":2,"title":"标签","id":4,"parent":1,"dateAdded":1328712079171000,"lastModified":1328712079281000,"type":"text/x-moz-place-container","root":"tagsFolder","children":[]},{"index":3,"title":"未分类书签","id":5,"parent":1,"dateAdded":1328712079281000,"lastModified":1328712080046000,"type":"text/x-moz-place-container","root":"unfiledBookmarksFolder","children":[]}]}